Pos x, Pos y, Pos y, Rot x, Rot y, Rot z 
4.587567,84.696472,403.904846,-0.189489,0.250111,0.066306
0.816645,87.995705,425.813873,0.063680,0.199378,0.145438
-3.323476,88.785355,444.485992,0.246661,0.182697,0.202235
-6.271170,89.185738,458.573853,0.273423,0.175763,0.227357
-7.920286,89.107208,468.808929,0.288307,0.168172,0.229663
-8.920518,88.866913,476.237305,0.297735,0.164232,0.232550
-9.526559,88.571465,481.403503,0.296133,0.159069,0.233310
-9.874599,88.043381,484.635895,0.293392,0.157574,0.232158
-10.096123,87.741791,488.930389,0.301987,0.158229,0.234630
-10.147635,87.688873,493.183472,0.304182,0.159343,0.237217
-9.975762,87.757843,496.968903,0.304771,0.158123,0.236017
-9.879980,87.963638,501.260742,0.309337,0.157977,0.236245
-9.771498,88.010971,504.229462,0.310517,0.158084,0.236298
-9.647684,87.865463,506.521729,0.318145,0.158313,0.235996
-9.463112,87.590828,508.388489,0.331704,0.158487,0.235366
-9.386942,87.520767,509.859436,0.335205,0.157946,0.234744
-9.668051,87.800049,511.827393,0.339171,0.158718,0.235886
-9.855341,87.622398,512.378418,0.344499,0.158256,0.235545
-10.057990,87.370598,512.583618,0.342218,0.158257,0.235234
-9.859058,86.914246,513.214111,0.353326,0.159218,0.232516
-10.001541,86.767700,513.902039,0.356255,0.159119,0.231254
-10.074560,87.049309,514.700806,0.357720,0.159258,0.230067
-9.920901,86.793663,514.206604,0.358789,0.158664,0.228111
-9.857194,86.998726,513.588867,0.357790,0.157780,0.223527
-9.949650,87.113358,512.938843,0.357222,0.157649,0.223805
-9.837749,87.301971,512.362610,0.360720,0.155717,0.219712
-9.627588,88.020691,513.305786,0.365376,0.155749,0.216635
-9.523954,89.017731,515.038086,0.366502,0.155923,0.215645
-9.386770,89.310638,514.969482,0.372470,0.156916,0.214460
-9.192513,89.326172,513.153931,0.375399,0.157435,0.213539
-8.752249,89.033440,510.492920,0.376541,0.155010,0.210803
-8.307467,88.597534,507.412872,0.377704,0.155670,0.210821
-7.780715,88.732086,505.251831,0.375471,0.157615,0.210156
-7.291238,88.530960,502.775085,0.366713,0.156747,0.210589
-6.992275,88.541229,501.067444,0.360821,0.158413,0.211263
-6.858315,88.417732,499.117798,0.341439,0.157661,0.213163
-6.925566,88.425713,498.018250,0.332252,0.158419,0.215535
-7.139629,88.157608,496.709930,0.328587,0.159697,0.219635
-7.561313,87.766220,494.872437,0.325796,0.161240,0.221843
-8.022858,87.535606,493.501831,0.311846,0.161528,0.224923
-8.448061,87.077698,491.956421,0.301253,0.162579,0.227228
-8.843588,86.883446,491.327148,0.291623,0.163314,0.228519
-9.303089,86.969513,491.690186,0.281681,0.162205,0.228833
-9.883327,86.756264,491.409485,0.273855,0.162324,0.231341
-10.465411,86.473030,490.777222,0.275299,0.162991,0.231682
-11.120454,86.196724,489.759155,0.274041,0.162658,0.233093
-11.871560,86.246796,489.434753,0.270658,0.162988,0.234019
-12.612866,85.990143,488.656036,0.268030,0.161063,0.235913
-13.380716,85.795364,488.031494,0.263468,0.160312,0.237927
-14.323733,85.429466,487.210052,0.255030,0.159570,0.242021
-15.281828,84.887138,486.361572,0.251800,0.159373,0.247325
-16.354176,84.258537,485.868286,0.251818,0.159729,0.255997
-17.632238,83.704407,485.598724,0.248444,0.161098,0.272362
-19.202053,83.558556,486.256500,0.242610,0.163750,0.294138
-20.569189,82.882080,486.201294,0.241015,0.169036,0.313015
-22.011316,82.472015,486.644043,0.237203,0.173550,0.334979
-23.300995,82.046028,487.200928,0.232756,0.175376,0.348727
-24.526648,81.387878,487.152069,0.230986,0.179456,0.362093
-25.422386,80.921524,487.841248,0.230765,0.184187,0.368676
-26.221134,80.591522,488.508942,0.229304,0.185238,0.375370
-26.900377,80.497757,489.308777,0.223909,0.186690,0.381587
-27.498878,80.478325,490.343506,0.222329,0.188391,0.385971
-27.992613,80.354256,491.212524,0.222487,0.190952,0.390666
-28.395573,80.222282,491.351685,0.218571,0.190085,0.391801
-28.729156,80.029976,491.311615,0.215812,0.191464,0.394971
-28.972364,80.032867,491.785492,0.213442,0.191125,0.397407
-29.091820,79.875565,492.139496,0.215301,0.193950,0.398637
-29.220760,79.941414,492.449677,0.209165,0.191978,0.399847
-29.234722,79.934624,492.912079,0.212402,0.194554,0.400888
-29.132462,79.824631,492.821350,0.211080,0.193777,0.401855
-28.884766,79.718735,492.504211,0.208620,0.191451,0.400307
-28.689875,79.462418,492.114105,0.211091,0.193485,0.399317
-28.230505,79.389709,492.199646,0.216111,0.194582,0.398550
-27.799908,79.380760,492.218719,0.214845,0.192972,0.395894
-27.431751,79.387543,492.271790,0.215801,0.192547,0.393982
-26.895159,79.475815,492.619904,0.220119,0.193456,0.391738
-26.381161,79.640419,492.739929,0.220458,0.193670,0.389446
-25.721342,79.625305,492.361145,0.223201,0.193386,0.384670
-25.070469,79.597946,492.005432,0.225669,0.192798,0.380559
-24.373281,80.216377,492.999512,0.226724,0.191516,0.373305
-23.524281,80.518265,493.143036,0.228645,0.191519,0.365201
-22.613049,80.862709,493.299683,0.228630,0.190622,0.357927
-21.491257,81.438904,493.683960,0.228425,0.185362,0.345824
-20.192842,82.031410,493.826111,0.230591,0.182713,0.326833
-18.629671,82.300659,493.284973,0.241067,0.179140,0.311844
-16.947344,82.769592,493.167847,0.244449,0.171822,0.294834
-14.839779,83.172348,492.924133,0.252636,0.162270,0.272459
-12.550774,84.051567,493.725342,0.256375,0.148379,0.248065
-10.048051,85.271179,495.225037,0.262508,0.135666,0.220624
-7.290829,86.013123,495.202515,0.258446,0.119471,0.189584
-4.383464,87.007820,496.129639,0.257820,0.106605,0.151461
-1.132605,88.108826,497.246094,0.256049,0.085612,0.114215
2.398637,89.183556,497.963806,0.256021,0.070524,0.074971
6.197428,89.960876,498.367554,0.261589,0.060923,0.037834
10.017405,91.041412,499.706299,0.275763,0.041170,-0.001787
13.999958,91.502831,499.253418,0.269558,0.028613,-0.035210
18.005661,91.868011,499.305878,0.273305,0.007788,-0.083200
22.107784,92.094101,498.882324,0.273662,-0.008587,-0.120405
26.263859,92.392715,499.420044,0.275309,-0.020465,-0.152284
30.432537,92.926392,500.630920,0.278190,-0.040062,-0.190475
34.282860,92.514450,500.419434,0.291701,-0.061045,-0.222821
38.064724,92.656868,500.688354,0.288673,-0.073323,-0.253599
41.446018,92.294174,499.974976,0.288779,-0.080430,-0.272477
44.830811,92.130020,499.410919,0.271742,-0.083074,-0.292946
47.988941,91.966263,500.209167,0.266445,-0.086506,-0.308500
50.872612,92.109993,500.913452,0.257218,-0.087978,-0.319747
53.415043,91.724541,500.562439,0.249903,-0.092518,-0.334174
55.623821,91.121765,499.357971,0.242328,-0.097529,-0.346855
57.675011,90.725143,498.615997,0.239125,-0.099864,-0.357468
59.476772,90.480881,498.415833,0.234285,-0.100772,-0.363173
61.054096,89.890915,497.520142,0.236272,-0.106086,-0.369292
62.370903,89.267441,496.567139,0.234496,-0.110638,-0.375372
63.522720,89.039627,496.176453,0.227662,-0.110277,-0.378869
64.659805,89.279404,497.645691,0.214872,-0.107560,-0.381070
65.793053,89.576813,499.393250,0.199211,-0.105513,-0.386140
66.820580,89.576973,499.916077,0.188632,-0.101484,-0.390668
67.353462,89.404770,500.086334,0.180467,-0.098442,-0.391832
67.493256,89.164352,500.029907,0.184839,-0.098738,-0.390972
67.515678,89.032425,499.469818,0.184559,-0.096486,-0.391214
67.327591,88.860832,499.125610,0.187634,-0.094916,-0.389749
67.103973,88.536697,498.072205,0.186725,-0.093644,-0.389337
66.773315,88.494255,497.875793,0.187758,-0.091292,-0.387745
66.323723,88.305794,497.095215,0.185608,-0.087867,-0.385985
66.009155,88.157547,496.767456,0.184247,-0.086240,-0.385961
65.684654,88.172363,496.771790,0.182948,-0.084962,-0.384844
65.381310,88.003120,496.167603,0.181820,-0.082960,-0.383774
65.165886,87.986221,495.929443,0.179938,-0.081337,-0.382704
64.982574,88.060677,495.929626,0.179693,-0.080472,-0.381238
64.808090,87.958000,495.923767,0.181076,-0.080637,-0.380496
64.688721,87.792770,495.486084,0.179554,-0.076810,-0.377830
64.573517,87.609558,495.272186,0.179077,-0.076263,-0.377097
64.495255,87.314743,494.727600,0.176995,-0.074058,-0.376899
64.506340,87.327011,494.863281,0.177713,-0.072729,-0.375529
64.587189,87.656319,496.136841,0.179921,-0.073736,-0.374116
64.647987,87.754524,496.736328,0.183931,-0.074290,-0.372380
64.753922,87.987785,497.412354,0.183504,-0.073159,-0.370524
64.798737,88.015884,497.593079,0.184091,-0.072540,-0.369274
64.896721,87.893913,497.904999,0.183886,-0.072053,-0.367763
65.077469,87.675354,498.075989,0.181737,-0.071517,-0.365979
65.237907,87.507317,498.093536,0.178512,-0.071486,-0.365864
65.535324,87.510262,498.729309,0.178095,-0.072377,-0.365914
65.618813,87.319107,499.304138,0.180141,-0.072119,-0.364692
65.787132,87.418236,499.838898,0.180721,-0.070762,-0.362770
65.885056,87.528603,500.551697,0.180718,-0.070148,-0.362405
65.958931,87.369881,500.706177,0.180485,-0.068461,-0.362046
65.876610,87.490715,501.662994,0.184518,-0.066774,-0.359965
65.764328,87.789413,502.862732,0.183573,-0.066204,-0.355589
65.412415,88.014732,503.586487,0.180323,-0.064944,-0.349299
64.843124,88.071777,504.083740,0.176656,-0.062750,-0.341101
64.159691,88.369461,505.782257,0.172238,-0.057964,-0.325721
63.133453,88.865524,508.880859,0.172349,-0.052511,-0.307251
61.826103,89.362228,512.203369,0.176931,-0.046754,-0.285792
60.347191,90.000908,515.445312,0.189645,-0.038214,-0.261689
58.403938,89.961456,516.673096,0.216179,-0.027548,-0.237315
56.310345,90.257072,517.985352,0.224234,-0.012126,-0.218411
54.255432,90.264313,519.953491,0.252077,-0.003052,-0.196225
51.963203,90.282883,522.073486,0.280314,0.006018,-0.178011
49.248821,90.333893,523.811279,0.285475,0.020762,-0.149747
46.376610,90.050087,524.772644,0.303062,0.034420,-0.118599
43.389130,89.552094,524.894287,0.304579,0.046645,-0.093074
40.246788,89.474594,526.425171,0.307265,0.057467,-0.054441
37.106186,89.789825,529.029602,0.310332,0.073500,-0.012451
34.053925,89.580696,530.736328,0.308934,0.087986,0.017337
31.005573,89.441383,532.311951,0.301712,0.100432,0.044612
27.968441,88.622444,533.104980,0.309810,0.113251,0.067573
24.643950,87.717163,533.710876,0.312625,0.124806,0.093372
21.362074,86.475578,533.865234,0.317631,0.142012,0.116797
17.942528,85.540375,534.435059,0.315828,0.152151,0.136474
14.644463,84.419365,534.220093,0.313445,0.164740,0.157512
11.655860,83.258713,534.262390,0.314976,0.178093,0.177263
8.870392,82.426361,535.585876,0.322665,0.182363,0.184671
6.114257,81.610367,536.766235,0.328784,0.189522,0.194861
3.464633,81.039139,538.315918,0.325096,0.198292,0.206960
1.179405,80.163345,540.214233,0.329686,0.214094,0.219910
-1.034289,80.142166,544.067139,0.325692,0.215972,0.224851
-3.063655,78.856064,542.554688,0.315344,0.215880,0.230949
-4.840146,78.046005,542.267395,0.301472,0.217204,0.236793
-6.417579,77.634972,543.459595,0.303953,0.220223,0.244474
-7.756893,77.156044,544.289307,0.306826,0.222510,0.248871
-9.028530,77.176170,545.662048,0.303074,0.221150,0.251061
-10.062300,76.652039,544.934937,0.287506,0.218279,0.251850
-10.842696,76.589905,546.116943,0.287321,0.219116,0.254499
-11.302099,75.994781,545.418213,0.277599,0.215358,0.253198
-11.639774,76.108421,546.944763,0.272644,0.212373,0.252668
-11.542419,75.485550,545.783813,0.268943,0.205119,0.248580
-11.227221,75.376205,547.078369,0.276005,0.206720,0.245879
-10.880238,75.300270,546.871338,0.269562,0.198309,0.238134
-10.474340,74.766571,545.954102,0.272722,0.196810,0.230004
-10.128126,74.763702,545.785095,0.271358,0.192679,0.226044
-9.899343,74.709846,545.640503,0.270559,0.190046,0.224984
-9.860661,74.588387,545.195435,0.269081,0.186994,0.225473
-9.941768,74.562439,546.074524,0.280983,0.190588,0.231585
-10.155344,75.170494,548.561279,0.292227,0.192172,0.237019
-10.619301,75.447647,549.202820,0.289702,0.192149,0.244871
-10.978939,74.976196,548.602722,0.294759,0.196575,0.257429
-11.349154,75.044319,550.129639,0.304861,0.203487,0.273271
-11.827411,74.827126,550.393555,0.306383,0.207682,0.282884
-12.469675,74.063042,549.592041,0.307676,0.212425,0.297641
-13.087594,73.038116,548.372681,0.309253,0.217767,0.309971
-13.883106,72.321312,547.329834,0.306452,0.220166,0.319445
-14.998835,72.389954,548.391907,0.298054,0.222662,0.329138
-16.188213,71.707703,547.431274,0.284234,0.224165,0.338604
-17.487087,71.187363,547.202515,0.273789,0.227551,0.345979
-19.095633,70.491135,547.191956,0.265944,0.236863,0.364845
-21.159622,69.990211,548.096069,0.254968,0.244746,0.388505
-23.302437,68.872978,547.273010,0.238845,0.256577,0.408040
-25.637461,67.830566,547.011597,0.234027,0.273152,0.428184
-28.005562,67.374077,548.128479,0.231105,0.287615,0.447013
-30.273554,66.869949,548.804321,0.228223,0.297608,0.463922
-32.269691,66.211311,548.463135,0.223244,0.304201,0.473826
-34.112053,65.763245,547.891296,0.218548,0.302930,0.479482
-35.551586,65.381210,547.458923,0.214901,0.303147,0.481858
-36.471680,65.125786,546.635925,0.207823,0.301501,0.481012
-37.131924,64.708359,545.374634,0.204786,0.300023,0.482625
-37.578327,64.334435,544.067017,0.206180,0.298306,0.483103
-37.879051,63.994469,542.899292,0.208534,0.297034,0.484293
-38.243523,63.710884,542.000977,0.209084,0.293592,0.485743
-38.470303,63.497200,541.452209,0.214612,0.293181,0.487067
-38.871727,63.413078,540.661255,0.211821,0.288747,0.487711
-39.132183,63.518425,540.943054,0.211608,0.288045,0.487443
-39.550861,63.414829,541.043396,0.211706,0.288859,0.489326
-39.615986,63.353355,540.809753,0.212072,0.288680,0.489556
-39.629292,62.934784,539.669861,0.213060,0.287935,0.489938
-39.679642,62.831375,538.841736,0.208180,0.285606,0.489264
-39.581848,62.946419,538.871826,0.206605,0.284828,0.488780
-39.401329,62.916397,538.495117,0.205397,0.283989,0.487537
-39.072891,63.015285,538.098022,0.204355,0.281397,0.484390
-38.721302,63.066925,537.038208,0.200481,0.275333,0.480312
-38.174389,63.286072,536.587402,0.202654,0.271796,0.476591
-37.512566,63.899044,536.566833,0.201595,0.264824,0.466434
-36.681084,64.440109,536.036072,0.204478,0.258444,0.455858
-35.614265,65.414825,535.890869,0.210172,0.252931,0.442425
-34.297646,66.534821,535.745911,0.211975,0.239538,0.416828
-32.870331,67.766640,535.992371,0.219843,0.227075,0.394090
-31.415241,68.851883,535.650391,0.233423,0.220224,0.377042
-29.765745,70.022881,535.724548,0.251897,0.216623,0.356169
-27.910015,71.473610,536.185364,0.263226,0.203263,0.323727
-25.916628,72.240166,535.354980,0.280096,0.194749,0.295009
-23.886215,73.329514,535.377625,0.295444,0.181582,0.267689
-21.658508,74.286507,535.036255,0.314437,0.172868,0.236119
-19.107069,76.024994,537.396423,0.351561,0.163728,0.204790
-16.251108,77.531540,538.258789,0.372551,0.142477,0.163725
-13.083213,79.222710,539.132812,0.376792,0.112229,0.124178
-9.568400,81.425034,540.632690,0.381938,0.086534,0.080546
-5.923255,83.548325,541.335449,0.386081,0.078006,0.049340
-2.257314,86.250580,543.297974,0.389888,0.061942,0.014700
1.425104,87.978439,543.078003,0.411359,0.047847,-0.017495
5.087156,90.211044,544.131653,0.427585,0.037488,-0.042626
8.675966,92.546700,545.740845,0.442755,0.028292,-0.058337
12.074293,94.212517,546.507446,0.469599,0.020880,-0.069585
15.122466,95.721100,548.129150,0.498784,0.015983,-0.074003
17.959139,97.487808,550.876343,0.521381,0.012423,-0.080620
20.424566,98.340561,551.544861,0.526069,0.005386,-0.087044
22.679878,99.294571,553.594421,0.534524,0.002129,-0.091583
24.654570,100.067032,555.609497,0.535078,-0.000278,-0.093042
26.230350,100.494614,557.569031,0.541376,-0.005621,-0.094962
27.720081,101.962387,561.249268,0.536415,-0.007547,-0.096729
28.774944,102.251724,562.771301,0.539112,-0.006000,-0.098688
29.819782,102.878601,565.345215,0.550613,-0.010345,-0.104797
30.559277,103.607117,568.920044,0.572951,-0.009403,-0.104691
31.008507,104.661591,573.058289,0.596520,-0.010510,-0.105402
31.296211,105.369896,576.335815,0.608377,-0.008940,-0.103581
31.623159,106.784286,578.728943,0.605310,-0.010373,-0.104220
31.885208,107.861244,582.643982,0.634188,-0.012623,-0.103781
31.858982,108.204910,584.253418,0.648419,-0.013832,-0.101651
31.869610,108.087753,583.901245,0.652193,-0.015100,-0.100735
31.850994,108.603531,584.557861,0.648451,-0.015384,-0.099874
31.766605,108.376709,584.188416,0.653256,-0.016648,-0.098578
31.706520,108.457649,584.060059,0.651446,-0.016332,-0.096995
31.413456,107.901939,581.469482,0.645823,-0.015434,-0.094250
31.350197,108.703850,583.432861,0.648698,-0.012331,-0.091135
30.851696,108.877167,581.930603,0.642738,-0.013108,-0.087508
31.005035,108.953354,582.925415,0.651679,-0.013899,-0.089893
31.013611,109.369576,582.319275,0.649228,-0.016731,-0.091867
31.009983,110.776611,585.599304,0.652499,-0.015705,-0.091820
30.701954,111.227341,585.114319,0.650925,-0.015574,-0.090012
30.771877,111.684875,585.987427,0.657693,-0.017487,-0.091975
30.490942,111.237518,583.874084,0.660388,-0.017540,-0.091685
30.272875,110.625145,581.134399,0.658208,-0.017684,-0.091885
30.708786,110.476730,579.584717,0.657944,-0.022099,-0.096885
30.608484,110.205917,577.176025,0.655438,-0.022661,-0.096836
30.846024,109.412598,574.027832,0.650722,-0.021295,-0.097943
30.484745,109.280899,571.468140,0.639721,-0.021569,-0.096644
30.581886,109.440926,569.794861,0.633423,-0.022148,-0.101374
30.497025,108.863510,567.028687,0.637312,-0.020263,-0.101184
30.225842,108.389053,563.671692,0.634424,-0.022255,-0.104105
29.826206,108.292831,561.036621,0.632040,-0.024366,-0.102876
29.774242,108.603531,559.392334,0.621801,-0.025177,-0.106657
29.467356,108.466743,556.464966,0.617448,-0.024396,-0.106840
29.229195,108.713882,554.450562,0.617217,-0.026482,-0.110498
28.560617,108.110863,550.870117,0.613929,-0.026631,-0.109675
27.802795,108.034195,547.373047,0.608241,-0.029740,-0.107999
27.254541,108.117393,545.174194,0.606169,-0.027985,-0.106361
26.571531,108.244858,543.150208,0.604102,-0.029358,-0.105628
25.961830,108.317162,540.824219,0.589660,-0.027343,-0.104180
25.248798,108.488007,539.673340,0.595531,-0.027875,-0.103850
24.540897,108.473511,537.495728,0.575295,-0.025611,-0.099989
23.817459,108.109657,534.622131,0.556916,-0.024620,-0.097487
23.079832,107.831284,532.317505,0.550556,-0.023016,-0.095722
22.365799,107.106407,529.408813,0.543490,-0.022037,-0.094220
21.622248,106.335495,526.669861,0.532973,-0.021875,-0.090104
21.020027,105.326668,522.963440,0.497424,-0.022637,-0.090184
20.533489,104.140015,519.834717,0.492161,-0.025221,-0.088881
20.058363,102.748802,516.226746,0.421593,-0.023690,-0.086353
19.431650,101.317101,513.423218,0.372557,-0.020803,-0.079482
18.904856,99.234985,509.759186,0.269278,-0.016689,-0.069925
18.166437,96.739182,505.514862,0.175327,-0.007461,-0.055981
17.278057,94.112114,502.306763,0.146569,0.001227,-0.045951
16.491220,91.277214,498.953003,0.104556,0.006359,-0.037939
15.754857,88.303131,496.007965,0.064312,0.012453,-0.035095
15.103415,85.243042,492.845764,0.025659,0.017073,-0.034645
14.958632,82.092957,490.533020,0.010187,0.016871,-0.036495
14.820235,78.712524,487.829285,-0.020108,0.018158,-0.038418
14.832039,75.241905,484.543335,-0.037291,0.018781,-0.040882
14.946605,72.293846,481.602539,-0.037645,0.022688,-0.042794
15.183599,70.261261,478.873291,-0.039950,0.023346,-0.045073
15.451915,69.221634,477.744537,-0.041244,0.022145,-0.046934
15.548094,68.466324,476.553925,-0.040791,0.024180,-0.048147
15.694228,68.040039,475.046875,-0.048003,0.023900,-0.048724
15.805529,67.743294,474.214050,-0.045629,0.024824,-0.049555
16.048145,67.726822,473.691895,-0.043405,0.024705,-0.051556
16.112541,68.071548,473.950134,-0.042679,0.026764,-0.051961
16.320496,68.457848,473.916016,-0.043159,0.026385,-0.054739
16.273266,68.823975,473.449524,-0.043089,0.029386,-0.054427
16.532810,69.311600,473.561890,-0.045504,0.030054,-0.057097
16.762825,69.680443,473.543884,-0.045401,0.030840,-0.059327
17.110821,69.853455,473.654541,-0.037934,0.027505,-0.063116
17.461657,70.129242,473.683533,-0.035761,0.027470,-0.065751
17.756744,70.236702,473.160797,-0.036579,0.026959,-0.067599
18.087151,70.165131,472.089478,-0.038153,0.026461,-0.069629
18.219416,70.507637,472.771057,-0.036762,0.026928,-0.068698
18.509811,70.317299,471.535126,-0.039128,0.025856,-0.072010
18.455864,70.631165,472.081482,-0.038937,0.028010,-0.070905
18.412273,70.637054,472.467285,-0.041437,0.030586,-0.071752
18.363092,70.361298,472.854309,-0.044486,0.033713,-0.074108
18.457470,70.262527,472.478668,-0.046620,0.034824,-0.078047
18.737034,70.464523,472.509521,-0.044183,0.033480,-0.082229
19.252281,70.953590,472.427551,-0.041763,0.030919,-0.087962
19.697248,71.237816,472.197693,-0.036579,0.028044,-0.093163
20.297340,71.728775,472.716644,-0.017672,0.028424,-0.102661
21.261578,72.395271,472.975586,-0.014573,0.027383,-0.117452
22.524019,73.555054,474.198090,-0.011420,0.025885,-0.134151
23.817310,74.285088,474.189758,-0.012256,0.023888,-0.146865
25.486717,75.120682,474.397339,-0.009147,0.020338,-0.166014
27.522453,75.928276,474.403992,-0.002488,0.012619,-0.190703
30.102646,77.080444,475.561859,0.017285,-0.005325,-0.224556
33.008938,77.838181,475.744995,0.016543,-0.021582,-0.255258
35.903328,78.654655,476.635559,0.022720,-0.038353,-0.278596
39.110691,79.010277,476.680450,0.028985,-0.057778,-0.296545
42.284622,79.304138,476.991394,0.040925,-0.077124,-0.314051
45.525887,79.053581,476.602112,0.051912,-0.096265,-0.338958
48.732864,78.966629,476.621826,0.061935,-0.111750,-0.363033
51.932419,78.932579,476.850342,0.061578,-0.124499,-0.384674
54.862816,78.667084,476.868774,0.060811,-0.132517,-0.400769
57.644897,78.136932,476.436890,0.056472,-0.138003,-0.418331
60.160522,77.406631,476.016846,0.054428,-0.144715,-0.438852
62.355083,76.743698,476.051575,0.055632,-0.150583,-0.459153
64.335892,76.352936,477.092224,0.060958,-0.155949,-0.469749
66.004272,75.374977,476.211975,0.055507,-0.155303,-0.480354
67.140007,74.820847,476.301208,0.054389,-0.156241,-0.485300
67.665642,74.506393,476.318665,0.054959,-0.154976,-0.484215
67.817345,74.405014,476.929413,0.053480,-0.152444,-0.482290
67.838684,74.749298,479.037537,0.050351,-0.145640,-0.481467
67.387901,75.007965,480.303467,0.049836,-0.137084,-0.478382
66.839569,75.234909,480.611969,0.051727,-0.133282,-0.472027
66.384628,75.372688,480.546204,0.058588,-0.133925,-0.471136
65.923920,75.745651,480.772949,0.059290,-0.130998,-0.467946
65.436211,76.117325,480.863098,0.065997,-0.131925,-0.463263
65.026077,76.258286,480.533325,0.067970,-0.131372,-0.459823
64.691017,76.551544,480.770630,0.073816,-0.132228,-0.459144
64.321861,76.823990,480.963318,0.079961,-0.132741,-0.455707
64.090355,77.342377,481.885132,0.086711,-0.133287,-0.451564
63.838852,77.361115,481.754150,0.087760,-0.133033,-0.448809
63.552326,77.522293,481.850098,0.089843,-0.133576,-0.446422
63.355541,77.729889,482.048981,0.087572,-0.132815,-0.441973
63.219711,78.016998,482.690613,0.085780,-0.130310,-0.434986
63.073639,78.019524,482.720428,0.084196,-0.128785,-0.429742
62.895992,78.017616,482.587830,0.080966,-0.127369,-0.425269
62.609940,77.733368,482.310303,0.079168,-0.125045,-0.421835
62.198193,77.585724,482.432312,0.072164,-0.118725,-0.418885
61.904716,77.662094,482.909668,0.066515,-0.113466,-0.418209
61.683319,77.551796,482.246979,0.057040,-0.108281,-0.416195
61.585999,77.663048,482.265015,0.057639,-0.107650,-0.416002
61.499954,77.470444,481.221497,0.056047,-0.106204,-0.415674
61.467117,77.527519,480.656189,0.054791,-0.105619,-0.414627
61.403400,77.492867,479.956451,0.053754,-0.105856,-0.413589
61.410503,77.706665,479.832764,0.051057,-0.105691,-0.411988
61.378502,77.794518,479.556641,0.050951,-0.106339,-0.410612
61.308655,77.852936,479.325043,0.051494,-0.106621,-0.407692
61.191669,78.008514,479.737427,0.055604,-0.108394,-0.403989
61.090096,78.063393,479.628479,0.056291,-0.108997,-0.401428
60.980347,78.248428,480.000061,0.060789,-0.110765,-0.399232
60.882542,78.400055,480.111694,0.061193,-0.110693,-0.397483
60.781708,78.476318,480.077179,0.061230,-0.110734,-0.396267
60.708824,78.452301,479.977509,0.060882,-0.110986,-0.395521
60.634407,78.392662,479.825897,0.060827,-0.111546,-0.394958
60.466095,78.246552,479.434265,0.060334,-0.111235,-0.393854
60.452442,78.388649,479.721161,0.060206,-0.110998,-0.393676
60.404037,78.411514,479.939087,0.060710,-0.109724,-0.393361
60.399780,78.436340,480.013245,0.061574,-0.109842,-0.393566
60.335701,78.340111,479.977173,0.063773,-0.110515,-0.393183
60.364449,78.405869,480.045898,0.064262,-0.111444,-0.392979
60.289894,78.339783,479.909698,0.067198,-0.112041,-0.393248
60.283440,78.375504,479.757446,0.066644,-0.112330,-0.392790
60.321053,78.525909,480.122406,0.069513,-0.114634,-0.392983
60.329147,78.514915,479.907166,0.069622,-0.114441,-0.392448
60.354897,78.520416,479.846008,0.070152,-0.115472,-0.392486
60.423164,78.505089,479.726868,0.070674,-0.116295,-0.393349
60.444016,78.482529,479.674347,0.073433,-0.117593,-0.393738
60.475151,78.430450,479.636139,0.076290,-0.117957,-0.394120
60.508694,78.414276,479.674103,0.077131,-0.118100,-0.393918
60.529804,78.313576,479.425079,0.076216,-0.118121,-0.393584
60.527802,78.248932,479.317688,0.077430,-0.117950,-0.393332
60.473347,78.130966,478.865417,0.076367,-0.117196,-0.393044
60.428638,78.135979,478.836853,0.075891,-0.115965,-0.392430
60.430645,78.214264,478.998383,0.075004,-0.115685,-0.392265
60.396194,78.241081,479.056152,0.074104,-0.115365,-0.392068
60.392784,78.292435,479.125977,0.072289,-0.114511,-0.391404
60.392639,78.358162,479.278320,0.072020,-0.114085,-0.390742
60.392090,78.439934,479.513641,0.071305,-0.113644,-0.390223
60.343052,78.487404,479.517639,0.070580,-0.113662,-0.388766
60.305809,78.513031,479.682739,0.071595,-0.113486,-0.387039
60.152004,78.386421,479.715942,0.071666,-0.112655,-0.385320
59.966305,78.240402,479.897491,0.068902,-0.110716,-0.384175
59.685585,78.193672,479.808167,0.062878,-0.106622,-0.381201
59.388943,78.533752,480.276978,0.062113,-0.102321,-0.376359
58.866161,78.800751,480.298950,0.062304,-0.097033,-0.366793
58.192883,79.181984,480.268585,0.061680,-0.089620,-0.353426
57.389809,79.562355,480.340149,0.064158,-0.084458,-0.339186
56.422020,79.915466,480.310425,0.072591,-0.080396,-0.320430
55.400620,80.625832,481.042511,0.085756,-0.075354,-0.297860
54.068180,80.970421,480.818359,0.095420,-0.067659,-0.270490
52.776588,81.490913,481.337830,0.123455,-0.064138,-0.248460
51.445431,81.938919,481.780853,0.152440,-0.060177,-0.222783
50.109406,82.461388,482.427246,0.162780,-0.051584,-0.200903
48.797020,82.780273,482.529144,0.168723,-0.042056,-0.179970
47.447254,83.140976,482.759827,0.169154,-0.031518,-0.157335
45.980446,83.305618,482.390930,0.167101,-0.020278,-0.138746
44.428040,83.529457,482.286957,0.168471,-0.011891,-0.120732
42.754482,83.536095,481.588959,0.161569,-0.004726,-0.112080
40.983307,83.529198,480.939117,0.151204,0.001267,-0.106401
39.254253,83.606018,480.577942,0.146736,0.005004,-0.104509
37.533836,83.665939,480.170166,0.146461,0.009854,-0.103919
35.892857,83.612251,479.454315,0.146730,0.013368,-0.105249
34.381645,83.792717,479.360535,0.148633,0.015294,-0.106129
32.993168,83.793022,478.854767,0.151525,0.017913,-0.106821
31.794708,84.301643,479.530457,0.154033,0.022083,-0.104931
30.776508,84.396431,479.374268,0.156966,0.022553,-0.105306
30.010881,84.449417,479.315308,0.164103,0.021914,-0.105667
29.442499,84.355148,478.855774,0.166742,0.021171,-0.106058
29.009197,84.453415,478.727844,0.166627,0.019953,-0.105495
28.674761,84.693848,478.895691,0.163524,0.020801,-0.101780
28.417004,84.762314,478.986908,0.164300,0.020657,-0.100638
28.199593,84.691261,478.699646,0.166838,0.020536,-0.099977
28.009897,84.744919,478.908051,0.172174,0.021408,-0.099003
27.848352,84.599297,478.436188,0.172461,0.020746,-0.097986
27.746811,84.554947,478.043030,0.171313,0.020558,-0.095725
27.618748,84.516052,477.796570,0.171721,0.019158,-0.094973
27.505299,84.855591,478.620575,0.172104,0.020087,-0.092233
27.483229,84.635620,477.969788,0.168978,0.019467,-0.091398
27.372105,84.683762,477.994720,0.170377,0.018196,-0.090554
27.275642,85.028526,478.851044,0.172168,0.019376,-0.089244
27.182117,85.242966,479.357117,0.176188,0.020375,-0.088753
27.108288,85.401039,479.560730,0.180398,0.020051,-0.088456
26.973360,85.440903,479.392426,0.185190,0.021311,-0.087947
26.882729,85.547470,479.365509,0.199657,0.019406,-0.088479
26.682257,85.914352,479.298401,0.203128,0.018980,-0.088116
26.569342,86.475990,479.455933,0.201061,0.019326,-0.086653
26.417007,87.255714,480.014496,0.215811,0.019218,-0.084138
26.276176,87.824348,479.913452,0.245019,0.018195,-0.080076
26.140625,88.466339,479.874969,0.272125,0.016169,-0.077005
25.893213,89.065598,479.823090,0.289654,0.016146,-0.068415
25.683172,89.628250,479.819092,0.309324,0.015359,-0.063570
25.408899,90.155754,480.128906,0.330211,0.015635,-0.052052
25.193365,90.748291,480.503174,0.340052,0.014125,-0.048839
24.849186,91.172310,480.408630,0.346296,0.012978,-0.044388
24.454681,91.838470,481.128357,0.359186,0.012306,-0.042318
24.082106,92.356934,481.845093,0.372397,0.011325,-0.039844
23.707354,93.003151,483.004944,0.380078,0.010507,-0.039001
23.279259,93.459747,483.800232,0.384993,0.010767,-0.037727
22.826595,93.791992,484.745178,0.392898,0.014101,-0.031513
22.490711,94.049675,485.689697,0.403683,0.015462,-0.030769
22.148489,94.273987,486.321899,0.403644,0.015865,-0.030529
21.857700,94.464920,486.875092,0.403080,0.016106,-0.031069
21.578686,94.604042,487.372253,0.403041,0.016896,-0.030942
21.347586,94.681725,487.631378,0.400961,0.016925,-0.031493
21.156149,94.733894,488.001923,0.401032,0.018201,-0.030579
21.035257,94.796677,488.378693,0.401144,0.018616,-0.030527
20.934914,94.857117,488.712280,0.402576,0.018081,-0.031190
20.817480,94.912376,488.896576,0.403130,0.017784,-0.031245
20.711391,95.020889,489.170837,0.403912,0.017307,-0.031367
20.622992,95.181412,489.445801,0.404776,0.017602,-0.030510
20.613331,95.240570,489.455109,0.404538,0.017301,-0.029798
20.625309,95.321350,489.532532,0.404390,0.017254,-0.029340
20.589199,95.289024,489.620728,0.410723,0.016796,-0.029244
20.560371,95.258270,489.470337,0.408668,0.017744,-0.027233
20.552958,95.213577,489.318390,0.409857,0.016876,-0.028179
20.572390,95.198135,489.167328,0.404661,0.017486,-0.026712
20.544767,95.116600,488.822327,0.401881,0.016793,-0.027614
20.594034,95.288834,489.099640,0.398015,0.015477,-0.029054
20.543354,95.083496,488.895477,0.400935,0.016802,-0.026677
20.470356,94.973572,488.651001,0.397359,0.016980,-0.026564
20.340281,94.979530,488.678528,0.390238,0.017034,-0.025949
20.154091,94.906471,488.474121,0.384182,0.019483,-0.022216
19.987827,94.884880,488.593750,0.383049,0.022554,-0.019240
19.753197,94.754166,488.529724,0.381344,0.025226,-0.015373
19.491034,94.539795,488.361450,0.382050,0.027311,-0.011016
19.197157,94.560280,488.876648,0.387021,0.029376,-0.008279
18.843857,94.513611,488.964905,0.383452,0.029530,-0.004509
18.499340,94.429459,489.083710,0.381099,0.030211,-0.001363
17.916935,94.377327,489.289825,0.380353,0.035986,0.008117
17.312567,94.493683,489.968811,0.378606,0.039582,0.017072
16.658375,94.565727,490.411255,0.373171,0.042676,0.027541
15.974464,94.056755,489.859344,0.376534,0.048498,0.035092
15.226520,93.943260,489.788483,0.375188,0.051385,0.039974
14.376028,93.709923,489.540649,0.365613,0.053214,0.044893
13.297644,93.557526,489.401978,0.357545,0.055775,0.051987
12.114327,93.108582,488.588043,0.354148,0.059641,0.059447
10.696815,92.411987,487.616211,0.354583,0.066972,0.073135
9.133056,91.929115,487.048370,0.346493,0.075902,0.090829
7.344728,91.420349,486.592682,0.329330,0.084087,0.112528
5.405731,90.737961,485.439819,0.306769,0.088453,0.133345
3.225486,89.982094,484.728882,0.299488,0.096990,0.155563
1.023687,89.276871,484.172913,0.291775,0.107647,0.175619
-1.266292,88.375961,483.185425,0.291847,0.116169,0.192691
-3.728076,87.534019,482.257874,0.282848,0.125088,0.214825
-6.413079,86.847275,482.295349,0.277199,0.133001,0.238351
-9.077209,86.012978,482.104309,0.277813,0.145523,0.263381
-12.016006,85.737038,482.327179,0.252932,0.148909,0.291934
-14.574608,85.062531,482.287781,0.258437,0.156904,0.308008
-17.075302,84.495125,482.031433,0.259815,0.167061,0.326635
-19.521021,84.101830,481.729950,0.258910,0.169461,0.343327
-21.891598,83.442062,481.203247,0.260594,0.171966,0.360530
-24.213942,82.694321,481.132080,0.264990,0.179417,0.375253
-26.438683,81.700378,480.070099,0.266697,0.185389,0.387445
-28.500793,80.495819,478.513214,0.264575,0.186925,0.398358
-30.732487,79.619865,478.524170,0.262192,0.197554,0.415110
-32.773819,79.244972,479.208435,0.260077,0.204208,0.422575
-34.467339,78.710831,479.214600,0.250245,0.206587,0.430618
-35.999451,78.227867,479.301270,0.247652,0.209613,0.436603
-37.356350,78.293594,480.411835,0.248452,0.215698,0.443195
-38.528091,78.226852,480.866943,0.247436,0.216865,0.447468
-39.313736,78.419495,481.607330,0.249615,0.219469,0.451188
-39.941437,78.800034,482.581909,0.251956,0.221148,0.452968
-40.350880,78.943794,482.801483,0.253580,0.221676,0.453764
-40.683243,79.098602,483.148010,0.254611,0.221310,0.454798
-40.945988,79.176338,483.385010,0.255035,0.221381,0.454965
-41.146324,79.087540,483.419739,0.255759,0.221993,0.456476
-41.293060,78.992752,483.669189,0.257281,0.223130,0.457892
-41.353966,78.915039,483.802856,0.258260,0.224595,0.458758
-41.497013,78.905060,483.885437,0.257156,0.223552,0.458511
-41.341301,78.423393,483.524567,0.256730,0.223732,0.458795
-41.364704,78.155090,483.344849,0.256619,0.223001,0.459083
-41.480755,77.609177,482.484314,0.252130,0.222059,0.461295
-41.501572,77.493599,482.585510,0.247177,0.220337,0.461217
-41.365532,77.156609,481.604431,0.237695,0.216362,0.461560
-41.376305,76.820053,481.179810,0.233445,0.214037,0.462109
-41.363869,76.326973,480.271301,0.227500,0.212330,0.462640
-41.283207,75.830292,479.532104,0.223846,0.210450,0.462888
-41.303589,75.445312,478.879639,0.217329,0.208124,0.463672
-41.378578,75.146492,478.419464,0.200730,0.201857,0.463869
-41.433056,74.941826,479.019348,0.195385,0.201226,0.464602
-41.677689,74.473053,478.977722,0.173538,0.194713,0.464313
-41.961239,73.572662,478.988922,0.150532,0.192720,0.464480
-42.261951,72.293915,478.877258,0.129841,0.192065,0.466425
-42.420620,70.689751,478.700165,0.100045,0.188498,0.468845
-42.471561,69.240166,479.314880,0.082975,0.187480,0.471654
-42.686424,67.835434,479.310669,0.061804,0.182926,0.474988
-42.856438,66.682007,479.101135,0.046459,0.177415,0.477788
-43.158539,65.821678,479.033081,0.036557,0.174307,0.480268
-43.263103,64.923752,477.975220,0.033066,0.170515,0.479910
-43.646687,64.331680,477.029236,0.021134,0.167989,0.481377
-44.053131,63.727932,476.500427,0.020763,0.169636,0.484340
-44.474236,63.540985,476.668671,0.020521,0.170918,0.485031
-44.902122,63.045715,475.850525,0.016382,0.173560,0.486346
-45.327869,62.666904,475.320312,0.015931,0.177340,0.487331
-45.627388,62.428024,474.831909,0.015447,0.181181,0.487070
-45.826649,62.281021,474.400543,0.013481,0.181794,0.486814
-45.999710,62.138023,474.084045,0.012927,0.182111,0.486583
-46.090103,61.976051,473.875854,0.011694,0.182351,0.487155
-46.163544,61.942753,473.830078,0.012945,0.183770,0.486815
-46.266453,61.978416,473.775940,0.010699,0.183498,0.486625
-46.202095,62.045723,473.570862,0.008556,0.181040,0.485248
-46.213478,62.159843,473.495544,0.006041,0.179572,0.484405
-46.283756,62.192780,473.564575,0.005933,0.178992,0.483563
-46.448883,62.173256,473.427948,0.005756,0.179529,0.483545
-46.673763,62.072227,473.228729,0.005223,0.180321,0.484515
-46.852612,62.028938,473.261963,0.005658,0.181254,0.484477
-47.064957,61.958351,472.995239,0.004638,0.181917,0.484405
-47.231064,61.878841,472.820129,0.005096,0.183831,0.485111
-47.301701,61.696537,472.350708,0.004618,0.184216,0.484553
-47.549240,61.867653,472.694824,0.001137,0.181291,0.485045
-47.717510,61.881691,472.957092,-0.003061,0.179586,0.484191
-47.935379,62.037628,473.434143,-0.003540,0.180298,0.483108
-48.055840,62.163074,473.527527,-0.005172,0.180389,0.482691
-48.128292,62.142319,473.501007,-0.004248,0.181681,0.482919
-48.171314,61.937874,473.440430,-0.002812,0.186127,0.480440
-48.222820,61.758457,473.987518,-0.001802,0.189829,0.479282
-48.245880,61.423302,475.092773,0.002278,0.197110,0.479991
-48.384491,61.034821,475.617676,0.005333,0.198911,0.479573
-48.704277,61.045914,476.208496,0.002918,0.197555,0.479504
-48.646652,60.691040,474.807800,0.001530,0.195816,0.479653
-48.765110,60.690018,473.874695,0.000308,0.196601,0.479231
-49.069672,60.691227,473.729431,0.002105,0.200950,0.478314
-49.207386,60.478767,472.866821,0.002950,0.205224,0.477601
-49.300610,60.708328,472.567566,0.005370,0.203766,0.477052
-49.482605,60.649170,472.118591,0.009649,0.205194,0.477896
-49.577934,60.746468,471.541382,0.006762,0.203299,0.477988
-49.486694,60.756439,471.334229,0.006343,0.202935,0.476812
-49.566879,61.037331,471.161499,0.000161,0.198999,0.476761
-49.430489,60.922165,470.588928,0.001846,0.199253,0.475546
-49.412769,61.230442,470.472107,0.001096,0.196051,0.474669
-49.262596,61.229141,469.963318,0.002421,0.195032,0.472966
-49.017960,61.485413,469.947815,0.004464,0.194207,0.469257
-48.823105,61.788551,470.104797,0.015844,0.197390,0.463189
-48.527462,62.220474,469.898071,0.019623,0.198564,0.453382
-48.138031,62.630920,469.558044,0.022234,0.199277,0.442084
-47.736427,63.282539,469.789734,0.025540,0.198176,0.431847
-47.158169,63.994442,469.454956,0.024908,0.196072,0.422106
-46.411003,64.637711,469.175568,0.031850,0.195348,0.409135
-45.605820,65.330513,469.144958,0.035849,0.193692,0.396785
-44.780994,66.194214,470.196350,0.042599,0.192855,0.380610
-43.790279,66.953934,471.071014,0.062973,0.192391,0.362553
-42.478016,67.670929,470.321350,0.071827,0.188583,0.341047
-41.058563,68.730751,469.908539,0.077668,0.180122,0.315445
-39.435806,69.710045,469.136230,0.084587,0.163164,0.286167
-37.716171,70.746010,468.650574,0.096452,0.153356,0.265491
-35.904282,71.679306,467.868622,0.108707,0.143030,0.240683
-34.097115,72.560806,467.378754,0.138089,0.139710,0.223382
-32.406094,73.679138,467.445984,0.140781,0.127245,0.199438
-30.745739,74.525314,467.286194,0.147957,0.121529,0.187397
-29.121109,75.085152,466.663940,0.156774,0.116190,0.174565
-27.557417,75.869095,466.601715,0.157571,0.111221,0.163494
-26.059120,76.588387,466.638000,0.161189,0.109015,0.153514
-24.604420,77.194366,466.662231,0.165278,0.106243,0.142526
-23.192869,77.773018,466.746582,0.170406,0.100720,0.132726
-21.791632,78.361130,466.957214,0.172322,0.097778,0.128597
-20.387409,78.893272,467.098969,0.172441,0.094838,0.121061
-18.965149,79.435760,467.335968,0.175289,0.089454,0.107785
-17.565096,80.014252,467.595276,0.174271,0.085452,0.099863
-16.093729,80.557983,467.980743,0.177940,0.082490,0.092221
-14.587968,81.071350,468.221313,0.179163,0.078899,0.081295
-13.081410,81.872078,469.073547,0.180372,0.078536,0.070448
-11.449364,82.580841,469.806946,0.185835,0.072681,0.061951
-9.569718,83.220016,470.268860,0.185487,0.059551,0.047786
-7.498317,83.713211,470.583405,0.181989,0.048651,0.036100
-5.164494,83.980171,470.345245,0.175349,0.034410,0.025093
-2.386475,84.335014,470.308197,0.165553,0.013162,0.017587
1.062718,84.686081,470.219818,0.155657,-0.008824,-0.001441
4.778717,84.933800,470.284485,0.151913,-0.036577,-0.017455
8.863379,85.539032,471.336395,0.149836,-0.062291,-0.030433
13.315857,86.318504,473.284760,0.149783,-0.095295,-0.041876
18.066765,86.743889,474.189148,0.142826,-0.130688,-0.048962
22.831379,87.375748,475.907043,0.139065,-0.159312,-0.059777
27.489132,87.528618,477.305847,0.138096,-0.191645,-0.075200
31.730305,87.386726,478.269226,0.140533,-0.224999,-0.088652
35.704811,87.137726,479.132263,0.143674,-0.253166,-0.100669
39.357761,87.049454,480.049011,0.149089,-0.268912,-0.109186
42.714573,86.864365,480.716736,0.151599,-0.294237,-0.119721
46.003250,86.607315,481.689209,0.150302,-0.302573,-0.132042
48.790894,86.348694,482.242554,0.151037,-0.311540,-0.138179
51.542507,86.151749,483.354736,0.150429,-0.325174,-0.148732
53.917458,85.510872,483.436890,0.149589,-0.337382,-0.163926
56.129166,85.529251,484.920685,0.148644,-0.347367,-0.174934
58.031685,85.226204,485.832947,0.147525,-0.356833,-0.186621
59.864536,84.563622,485.728424,0.140137,-0.358650,-0.199199
61.420395,84.786942,487.720642,0.137410,-0.366898,-0.209090
62.811626,84.118118,487.527161,0.128187,-0.368364,-0.223547
63.810692,84.055595,488.437866,0.127265,-0.369672,-0.230512
64.734596,83.661537,488.568726,0.126438,-0.371986,-0.237212
65.767929,83.538475,488.605316,0.121065,-0.371905,-0.240207
67.109856,83.410652,489.258606,0.114073,-0.372634,-0.245538
68.303879,82.791092,488.683472,0.109537,-0.377217,-0.254301
69.464401,82.807419,489.421509,0.107601,-0.385774,-0.259230
70.885422,82.808487,489.916626,0.105055,-0.389379,-0.264345
72.382584,82.491882,490.424286,0.102428,-0.404088,-0.273502
73.988571,82.295357,491.304504,0.102618,-0.409763,-0.279875
75.607651,81.992714,492.218506,0.104722,-0.427379,-0.286115
77.982841,82.185333,493.730408,0.099226,-0.445299,-0.294195
80.237236,81.874268,494.262268,0.089658,-0.462770,-0.297752
82.546860,81.573318,495.513000,0.085930,-0.489096,-0.302042
85.046555,80.520126,496.490845,0.086694,-0.516681,-0.306475
87.349167,79.640366,496.747437,0.079797,-0.536958,-0.310027
88.690445,78.361023,495.662903,0.076971,-0.552064,-0.309857
89.502304,77.242882,494.572937,0.074087,-0.561571,-0.308824
90.228287,76.611664,493.563080,0.068942,-0.568795,-0.309333
90.658005,76.397774,493.589539,0.065605,-0.574964,-0.309280
90.952560,76.484215,494.066559,0.062606,-0.576759,-0.310248
91.071533,76.554840,494.196350,0.059395,-0.576199,-0.311332
91.267624,76.798965,494.568115,0.057582,-0.573868,-0.313763
91.023911,76.755417,494.344818,0.060776,-0.572183,-0.312106
91.088715,76.650696,493.915039,0.058448,-0.569428,-0.312224
91.251358,77.122528,494.974182,0.057415,-0.566554,-0.312819
91.179771,77.369064,494.655823,0.056805,-0.564552,-0.312785
90.927765,77.235672,493.630402,0.056459,-0.562810,-0.312501
90.977234,77.596588,494.404602,0.054935,-0.557186,-0.311773
90.637421,77.742805,494.946533,0.059462,-0.555982,-0.311797
90.194702,77.560684,494.334900,0.063180,-0.553787,-0.311496
89.852951,77.905647,494.768036,0.059846,-0.550277,-0.308440
89.358658,78.007980,495.399536,0.062465,-0.546127,-0.309668
88.640472,78.249725,495.688660,0.063138,-0.540715,-0.308770
87.764137,78.230141,495.554626,0.065355,-0.535599,-0.307984
86.967239,78.238335,494.986633,0.066490,-0.525933,-0.311837
85.967651,78.894257,495.791992,0.069230,-0.508761,-0.314186
85.011383,78.971100,495.120300,0.069519,-0.489623,-0.315958
83.856125,79.195541,494.905792,0.074290,-0.477931,-0.315264
82.739197,79.594788,495.175293,0.076095,-0.465253,-0.314480
81.772385,80.054314,495.648987,0.076684,-0.449234,-0.314235
80.754768,80.464622,495.481384,0.078103,-0.437327,-0.313848
79.697220,80.356323,494.707764,0.082627,-0.427739,-0.312665
78.969971,80.665924,494.885712,0.086292,-0.416358,-0.312121
78.355354,80.785439,494.797302,0.088153,-0.412640,-0.312115
77.915390,80.927307,494.841797,0.089470,-0.412718,-0.311951
77.655334,80.981659,494.528442,0.089950,-0.413217,-0.311845
77.533447,81.190536,494.530731,0.089057,-0.413035,-0.310893
77.346649,81.270615,494.144531,0.088695,-0.410163,-0.308157
77.168793,81.545921,494.372803,0.089055,-0.406980,-0.307589
76.610687,81.461746,493.324249,0.089036,-0.403348,-0.306810
76.019936,81.634987,492.881348,0.091973,-0.399162,-0.305345
75.388016,81.699753,491.973083,0.094215,-0.395119,-0.306628
74.818878,81.890976,491.653748,0.094252,-0.389017,-0.305919
74.386818,82.091591,491.421204,0.095082,-0.384521,-0.305883
73.965324,82.307327,491.384644,0.097681,-0.380785,-0.304824
73.631485,82.379578,491.075623,0.099830,-0.377367,-0.305063
73.209694,82.025864,489.975708,0.101473,-0.374832,-0.305391
72.747154,82.110596,489.647034,0.101367,-0.367943,-0.304802
72.011734,82.012581,488.829590,0.100214,-0.359569,-0.304050
71.132965,81.790390,487.934845,0.099623,-0.351842,-0.303547
70.347145,82.144333,488.491119,0.099177,-0.340757,-0.303491
69.098007,81.926514,487.474060,0.099467,-0.331779,-0.303176
67.768456,81.743912,486.468628,0.101411,-0.319549,-0.300976
66.410057,81.742584,485.814484,0.106967,-0.306956,-0.296942
65.009453,81.711212,485.161072,0.113009,-0.296560,-0.292013
63.825577,81.613342,484.589905,0.117869,-0.289202,-0.291862
62.839767,81.837219,484.217590,0.114772,-0.281934,-0.290612
61.931496,82.104355,484.029846,0.113645,-0.276986,-0.287756
61.224197,82.236801,483.892456,0.115376,-0.275497,-0.288169
60.599716,82.452408,483.922363,0.115599,-0.273932,-0.287056
60.080917,82.569420,483.954407,0.116818,-0.274005,-0.286570
59.588371,82.644966,483.867889,0.116519,-0.273854,-0.284464
59.226120,82.724564,483.656311,0.115772,-0.273227,-0.284692
58.694748,82.807602,483.261597,0.114631,-0.269608,-0.280429
58.060242,82.862396,482.886902,0.115911,-0.266242,-0.276777
57.238689,83.023949,482.494049,0.118930,-0.260553,-0.268777
56.294365,83.423561,482.428741,0.118839,-0.247782,-0.263035
55.055199,83.708626,482.099884,0.125376,-0.223075,-0.261951
53.434799,84.095589,481.498840,0.125529,-0.188017,-0.253430
51.651096,84.510918,481.246887,0.139107,-0.163052,-0.237513
49.607464,84.849052,480.710999,0.143220,-0.129104,-0.208456
47.396191,85.121040,479.974121,0.148687,-0.099098,-0.178996
44.947159,85.344719,479.409729,0.162636,-0.074877,-0.151504
42.163231,85.519676,478.490173,0.162752,-0.049716,-0.129733
39.005932,85.519577,477.075439,0.162591,-0.032567,-0.114907
35.493156,85.733849,476.272980,0.166276,-0.021029,-0.102490
31.491066,85.936569,475.208801,0.163169,-0.003717,-0.084422
27.452869,86.473732,475.424408,0.171712,0.014840,-0.076799
23.275116,86.897285,475.816711,0.178257,0.030594,-0.062501
18.943607,86.533913,474.246765,0.176129,0.046543,-0.053348
14.815626,86.424736,473.417603,0.173979,0.058155,-0.041662
10.915602,86.223022,472.532043,0.173745,0.080240,-0.031418
7.206667,86.053665,472.228821,0.170569,0.105709,-0.025612
3.796696,85.721535,471.626038,0.164145,0.126846,-0.019846
0.463488,85.402092,471.075562,0.156606,0.155274,-0.009616
-2.816491,85.450073,471.630127,0.152510,0.186934,0.005028
-6.109052,85.064743,471.834686,0.148588,0.212718,0.015783
-9.304066,84.675247,472.361359,0.147842,0.241484,0.032040
-12.494095,84.190331,473.650818,0.150465,0.270037,0.047370
-15.742836,84.002754,475.490784,0.149332,0.298432,0.062867
-18.740822,83.911484,477.130066,0.144532,0.325039,0.075334
-21.451656,83.791214,478.576172,0.143369,0.351301,0.082952
-23.665905,83.612946,479.446625,0.139572,0.367122,0.088288
-25.225430,83.326401,480.031921,0.138755,0.377550,0.093093
-26.615974,83.243309,480.519318,0.135143,0.384980,0.098356
-27.768124,83.293549,481.412659,0.127520,0.391768,0.102852
-28.624237,83.316948,482.121460,0.125253,0.398422,0.104019
-29.631567,83.761353,483.587189,0.118965,0.399548,0.108304
-30.200714,83.574982,483.715454,0.116534,0.404624,0.110436
-30.830570,83.568100,484.006439,0.113465,0.405405,0.113057
-31.533123,83.282959,484.009033,0.115935,0.409361,0.117365
-32.462971,82.884689,483.562500,0.117322,0.415716,0.122072
-33.221104,83.025314,484.328003,0.117743,0.416590,0.121840
-33.814930,82.802246,484.025452,0.117049,0.422326,0.121842
-34.402157,82.796158,483.996399,0.117528,0.423683,0.122551
-34.716248,82.965065,484.241028,0.113807,0.421537,0.122084
-34.842117,83.012955,484.519928,0.113696,0.422244,0.123410
-34.858345,83.023605,484.725281,0.112578,0.421143,0.124234
-34.817329,82.954666,484.608215,0.112038,0.420236,0.124831
-34.821865,82.895775,484.624329,0.112460,0.420416,0.125054
-34.834007,82.677597,484.350769,0.110672,0.420284,0.124556
-34.847301,82.656853,484.181946,0.108457,0.419682,0.123722
-34.850853,82.720963,484.125977,0.104754,0.419125,0.122244
-34.842258,82.650658,483.988953,0.105366,0.419094,0.120723
-34.683277,82.320656,483.183716,0.106090,0.419016,0.120341
-34.700462,82.601814,483.692902,0.107561,0.416107,0.120612
-34.725468,82.639786,483.563446,0.107143,0.416465,0.121372
-34.697472,82.672653,483.317322,0.107066,0.415918,0.122004
-34.761032,83.121811,483.646667,0.104095,0.412621,0.121049
-34.507942,82.851097,483.088806,0.106345,0.413806,0.120212
-34.533619,82.922134,483.398804,0.108216,0.411846,0.119723
-34.341690,82.941086,482.951599,0.106098,0.411250,0.117779
-34.411804,82.988373,483.072205,0.104481,0.412445,0.118071
-34.441662,82.776535,482.602600,0.103996,0.413663,0.118788
-34.286587,82.686012,482.548279,0.104771,0.414141,0.117765
-34.224751,82.763229,482.854614,0.107402,0.412481,0.117620
-34.181816,82.727119,482.672607,0.109509,0.410181,0.116699
-33.971134,82.644249,482.559448,0.110272,0.409916,0.114714
-34.016724,82.901360,482.772400,0.109443,0.406424,0.113676
-33.712208,83.014023,482.281342,0.108799,0.406438,0.109130
-33.166656,82.763069,481.523865,0.111449,0.405879,0.106612
-32.635506,83.302368,481.786133,0.111712,0.405661,0.101917
-32.034935,83.811348,482.334900,0.115401,0.402689,0.092327
-31.065695,83.905334,481.905823,0.120880,0.392614,0.081714
-29.852844,84.048454,481.531006,0.125025,0.379107,0.071857
-28.307381,83.874466,479.994995,0.126770,0.359710,0.059745
-26.481533,83.584320,478.174377,0.128177,0.342090,0.045888
-24.552662,83.528816,476.750519,0.128627,0.316090,0.026309
-22.453133,83.301476,474.681091,0.129718,0.288374,0.008238
-20.317501,83.154556,473.047302,0.127237,0.259933,-0.013353
-18.120848,83.104782,471.542633,0.126958,0.237651,-0.032436
-15.949401,83.050751,469.862427,0.122107,0.215943,-0.051901
-13.742518,83.080490,468.841614,0.120007,0.193214,-0.067048
-11.391619,83.033005,467.843170,0.117705,0.170523,-0.080251
-9.185391,83.052361,467.229370,0.113961,0.159390,-0.091742
-7.027560,83.020340,466.435791,0.114742,0.145973,-0.099511
-4.900146,83.061523,466.259460,0.112950,0.121496,-0.113851
-2.781261,83.064476,465.844604,0.106682,0.102565,-0.123871
-0.501929,83.100883,465.544006,0.099270,0.084843,-0.132446
1.691492,83.312317,465.752197,0.096764,0.066587,-0.136377
4.006424,83.452225,465.942474,0.091705,0.051543,-0.142127
6.457218,83.299301,465.763947,0.086953,0.031311,-0.148203
9.121743,83.042076,465.406555,0.077782,0.010029,-0.157475
11.983985,82.568230,465.047668,0.064929,-0.012053,-0.164355
15.097082,82.194084,465.069855,0.055003,-0.029898,-0.171306
18.466555,81.796700,465.123474,0.056882,-0.051459,-0.179281
21.785328,81.456261,465.416718,0.061173,-0.072336,-0.179888
24.982687,81.036842,465.354736,0.062128,-0.089513,-0.184741
27.918991,80.590431,465.248169,0.063280,-0.099368,-0.189947
30.536304,80.356560,465.774597,0.070495,-0.107132,-0.193489
32.758865,79.783340,465.309387,0.069205,-0.108063,-0.199860
34.578686,79.535538,465.579559,0.074188,-0.112282,-0.201872
35.995903,79.167336,465.659729,0.073527,-0.113344,-0.206478
37.223072,78.840950,464.988068,0.062284,-0.111373,-0.207287
38.083885,78.554970,464.730530,0.059164,-0.110468,-0.210395
38.787514,78.364502,464.599365,0.056117,-0.109228,-0.212988
39.297569,78.308182,464.673889,0.055261,-0.106609,-0.215108
39.689991,78.149826,464.429077,0.053972,-0.104471,-0.217697
40.027336,78.043205,464.226685,0.052424,-0.103335,-0.219415
40.323391,77.946297,464.081085,0.053093,-0.101952,-0.218853
40.731209,77.983795,463.743683,0.050326,-0.101268,-0.220259
41.057472,78.040344,463.650085,0.051974,-0.102108,-0.222201
41.296066,78.105591,463.542145,0.053114,-0.102537,-0.224602
41.499214,78.474670,464.160522,0.055356,-0.103082,-0.225265
41.721306,78.797386,464.714630,0.060098,-0.103558,-0.228217
41.936733,79.044479,464.907471,0.065173,-0.104192,-0.229042
42.193077,79.143204,464.984467,0.075241,-0.106464,-0.231776
42.417843,79.262627,464.853973,0.082166,-0.107479,-0.232476
42.690365,79.673149,465.589020,0.090178,-0.110426,-0.235857
42.911411,79.698807,465.513153,0.092565,-0.112041,-0.236444
43.115635,79.897202,465.738281,0.098499,-0.114132,-0.238324
43.313332,79.858521,465.648163,0.101512,-0.115145,-0.239570
43.481293,79.719307,465.180237,0.101905,-0.114764,-0.241100
43.730049,80.049332,465.516205,0.101294,-0.115641,-0.241693
43.808941,80.450073,465.957428,0.108824,-0.117215,-0.244969
43.875854,80.796341,466.083557,0.113954,-0.117896,-0.245664
43.949638,81.371811,466.500854,0.128024,-0.120091,-0.245598
44.070751,82.181946,467.133636,0.134017,-0.120806,-0.247452
44.153572,82.958191,467.712616,0.144591,-0.122043,-0.248838
44.244072,83.718658,468.179626,0.157651,-0.123667,-0.251757
44.291084,84.536308,469.055267,0.170640,-0.124667,-0.252639
44.177345,85.180618,469.592834,0.175157,-0.124721,-0.251571
44.099850,85.561600,469.991272,0.179006,-0.124343,-0.252282
43.912903,85.993248,470.593506,0.175737,-0.124145,-0.251073
43.701248,85.918930,470.234070,0.172866,-0.123082,-0.250763
43.468624,86.002274,470.513000,0.172698,-0.123245,-0.249784
43.351986,86.078430,471.059509,0.176243,-0.122777,-0.250148
43.168560,86.132607,470.958130,0.171214,-0.121618,-0.249136
43.125977,86.217697,471.422516,0.171147,-0.120790,-0.251066
42.968395,86.221970,471.397095,0.171204,-0.120314,-0.250431
42.858902,86.296417,471.536499,0.170679,-0.119025,-0.249783
42.740959,86.331940,471.668091,0.172038,-0.117806,-0.249119
42.625721,86.410492,471.781372,0.172312,-0.116922,-0.248761
42.481846,86.518806,471.801453,0.170468,-0.114405,-0.247615
42.316448,86.553001,471.782776,0.169959,-0.113727,-0.245787
42.191044,86.588478,471.771820,0.167770,-0.112043,-0.244251
42.193371,86.632797,471.942291,0.169393,-0.112914,-0.246128
42.081848,86.552261,471.636139,0.170630,-0.112051,-0.245498
42.057762,86.538635,471.687439,0.170744,-0.110959,-0.244011
42.056183,86.539894,471.828583,0.172165,-0.110733,-0.243429
42.221615,86.347504,471.812408,0.167847,-0.109872,-0.244885
42.304634,86.390549,472.170990,0.166309,-0.108391,-0.244858
42.347034,86.159050,471.802673,0.168001,-0.110087,-0.246432
42.448437,86.101997,471.730713,0.167896,-0.110023,-0.246399
42.438114,86.140114,471.766602,0.167695,-0.110286,-0.245065
42.431870,86.035309,471.454285,0.167641,-0.111538,-0.244011
42.481117,86.102158,471.579468,0.169905,-0.113044,-0.243952
42.513157,86.083099,471.425018,0.168387,-0.114297,-0.243274
42.552364,86.211235,471.679077,0.169344,-0.115485,-0.243307
42.545631,86.108040,471.232941,0.166100,-0.114657,-0.242406
42.464298,86.141113,471.337158,0.167389,-0.114665,-0.240716
42.314178,86.393814,471.811615,0.169582,-0.113768,-0.237988
42.045776,86.618683,472.258911,0.169472,-0.108788,-0.233542
41.666786,86.701752,472.717041,0.173058,-0.104020,-0.228381
41.154087,86.756187,473.327240,0.177943,-0.100842,-0.226069
40.320412,86.827293,473.568573,0.180912,-0.092953,-0.214141
39.360725,86.894730,473.705322,0.190083,-0.084341,-0.200494
38.254143,86.884422,473.484985,0.199047,-0.070256,-0.190588
37.121326,87.082123,473.570679,0.207807,-0.057336,-0.176538
36.012508,87.262962,473.501160,0.206631,-0.047904,-0.167397
34.928246,87.488586,473.612518,0.223018,-0.040027,-0.155258
33.874481,87.776749,473.900635,0.233792,-0.033091,-0.142257
32.829414,87.975082,473.921600,0.243926,-0.027278,-0.128910
31.766197,88.150101,473.895355,0.256631,-0.023009,-0.117211
30.633444,88.325912,473.742737,0.254461,-0.016800,-0.109721
29.308287,88.600845,473.818054,0.258665,-0.006062,-0.093744
27.667376,88.837303,473.638214,0.256982,0.001909,-0.077337
25.635595,89.304893,473.997925,0.263630,0.010100,-0.062306
23.264736,89.489738,473.823181,0.271930,0.018975,-0.049572
20.548534,89.724174,473.769592,0.277983,0.029151,-0.035050
17.588100,89.977943,473.759216,0.280511,0.037033,-0.022825
14.551498,90.222855,473.712097,0.279058,0.045270,-0.009732
11.611208,90.458046,473.761688,0.277530,0.051237,-0.001933
8.903207,90.514862,473.583862,0.277249,0.055583,0.003304
6.492881,90.508385,473.543884,0.277595,0.061054,0.006628
4.433878,90.263420,473.180786,0.277762,0.065702,0.010095
2.743699,90.350601,473.115021,0.275692,0.066698,0.010578
1.350352,90.384552,473.763611,0.278786,0.069978,0.011795
0.303406,90.399956,473.681122,0.272716,0.068781,0.011463
-0.521793,90.398987,473.631317,0.266340,0.069037,0.011730
-1.077546,90.493279,473.739319,0.260726,0.068275,0.011743
-1.413374,90.478645,473.607391,0.259026,0.067871,0.011663
-1.628198,90.554169,473.863464,0.257276,0.067169,0.012125
-1.688405,90.837227,474.344757,0.258107,0.065878,0.011118
-1.631586,90.984001,474.482635,0.257699,0.065252,0.010007
-1.498875,90.564209,473.794250,0.256384,0.064500,0.009581
-1.247187,90.536049,473.886322,0.257786,0.063260,0.008773
-0.965044,90.501778,473.859680,0.258567,0.062112,0.007531
-0.668338,90.621490,473.986450,0.258377,0.062056,0.006067
-0.342864,90.623726,474.081055,0.260875,0.061082,0.005381
-0.052876,90.690048,474.220367,0.261550,0.059865,0.004181
0.280324,90.829941,474.326935,0.260667,0.058220,0.001933
0.502392,90.944290,474.509583,0.260225,0.057550,0.001180
0.701045,91.040817,474.795624,0.262027,0.057617,0.000855
0.865501,90.506500,473.901581,0.261995,0.057754,0.001061
0.957997,90.486763,473.988007,0.261993,0.057171,0.000642
0.949497,90.530251,474.300598,0.262693,0.057568,0.001714
0.833541,90.457977,474.541412,0.266301,0.059089,0.002839
0.707303,90.396828,474.924805,0.273290,0.060331,0.004525
0.529140,90.283630,475.036865,0.276423,0.062918,0.007359
0.346485,90.158646,475.132172,0.277864,0.064984,0.009871
0.117043,90.086029,475.132233,0.276127,0.066922,0.012059
-0.119057,90.051880,475.177979,0.274996,0.068555,0.013857
-0.340421,89.832695,474.967377,0.277200,0.069438,0.015662
-0.530355,89.708237,474.944366,0.277250,0.069947,0.017244
-0.812499,89.767242,475.284607,0.275826,0.072028,0.020455
-1.040017,89.668556,475.163483,0.268605,0.073838,0.023852
-1.207471,89.498222,475.286987,0.271032,0.078043,0.025106
-1.474953,89.211311,475.219543,0.270690,0.078027,0.026758
-1.708411,89.049149,475.032104,0.262322,0.078782,0.027032
-1.920345,88.838951,474.828003,0.262316,0.079583,0.028540
-2.190926,88.621635,474.413696,0.259458,0.082884,0.030265
-2.511944,88.508759,474.458221,0.258047,0.085313,0.033371
-2.713208,88.350403,474.258423,0.256330,0.088088,0.033656
-2.988885,88.295761,474.449707,0.255200,0.090198,0.035320
-3.141026,88.136864,474.049622,0.251404,0.091827,0.035032
-3.390044,88.068024,473.972992,0.247981,0.092343,0.036002
-3.548465,88.138260,474.097351,0.244734,0.094278,0.035619
-3.775863,88.103973,474.005859,0.239812,0.094141,0.035562
-3.959393,87.960419,473.873932,0.239730,0.097063,0.035983
-4.152319,87.978210,473.836456,0.239909,0.098580,0.036431
-4.345094,87.959839,473.410095,0.234485,0.098765,0.035810
-4.497040,87.860107,472.712646,0.225335,0.100665,0.031029
-4.743273,87.854774,472.687225,0.226290,0.100126,0.025902
-5.047186,87.843262,472.627197,0.224397,0.102254,0.022567
-5.382587,87.577660,472.323822,0.221542,0.105951,0.016956
-5.786547,87.575981,473.178741,0.215000,0.111101,0.011397
-6.353300,87.366760,474.111328,0.207451,0.121715,0.005287
-6.932223,87.036736,475.095947,0.200409,0.135195,0.001006
-7.608247,86.502533,475.154846,0.196591,0.145436,-0.001789
-8.184297,86.005592,474.836670,0.176033,0.151559,-0.004009
-8.774467,85.633720,474.829742,0.168441,0.158777,-0.004987
-9.313799,85.132370,473.836792,0.153221,0.164864,-0.007269
-9.665872,84.920761,473.768921,0.149483,0.165573,-0.007978
-9.792757,84.372734,472.819763,0.133928,0.166837,-0.008847
-9.910980,84.062027,472.451721,0.140951,0.167251,-0.008912
-10.057419,83.835625,471.850952,0.134826,0.165433,-0.008200
-10.153338,83.529419,471.289032,0.132926,0.164193,-0.007619
-10.259542,83.308197,470.892395,0.130076,0.163195,-0.006472
-10.399123,83.183685,470.859436,0.128459,0.163244,-0.004098
-10.489096,82.955399,470.644592,0.126029,0.163817,-0.002033
-10.548796,82.682091,470.491119,0.123402,0.166404,-0.000171
-10.572378,82.261147,469.928406,0.119246,0.166907,0.001217
-10.686726,81.982155,469.504028,0.114724,0.166901,0.004605
-10.814413,81.818985,469.673462,0.113507,0.169036,0.006635
-10.822721,81.504356,469.238739,0.109763,0.168716,0.007548
-10.968136,81.340218,468.967285,0.105027,0.168363,0.010677
-11.128880,81.229248,469.168732,0.104617,0.169323,0.012802
-11.278365,81.026672,469.117981,0.103486,0.169106,0.015137
-11.387989,80.786407,469.055145,0.103563,0.168809,0.017023
-11.424885,80.798004,469.086426,0.101945,0.168758,0.018126
-11.546069,80.639191,469.099243,0.100757,0.168144,0.019754
-11.645178,80.504547,468.999115,0.100039,0.167956,0.021061
